run_started_utc,run_completed_utc,completed,heartbeat_state,connector_available,data_fetch_success,scan_executed,signal_found,signals_processed,telegram_sent,google_sheet_written,csv_written,duplicate_skipped,connector_failure_category,binance_testnet_key_present,binance_testnet_secret_present,errors_json
2026-05-11T00:24:11Z,2026-05-11T00:24:11Z,Yes,connector_unavailable,No,No,No,No,0,0,0,0,0,missing_or_unavailable_connector,,,"[""binance connector unavailable; no scan executed""]"
2026-05-11T01:25:08Z,2026-05-11T01:25:08Z,Yes,connector_unavailable,No,No,No,No,0,0,0,0,0,missing_or_unavailable_connector,,,"[""binance connector unavailable; no scan executed""]"
2026-05-11T05:39:43Z,2026-05-11T05:39:43Z,Yes,connector_unavailable,No,No,No,No,0,0,0,0,0,missing_or_unavailable_connector,,,"[""binance connector unavailable; no scan executed""]"
2026-05-11T08:49:33Z,2026-05-11T08:49:33Z,Yes,connector_unavailable,No,No,No,No,0,0,0,0,0,missing_or_unavailable_connector,,,"[""binance connector unavailable; no scan executed""]"
2026-05-11T11:50:43Z,2026-05-11T11:50:43Z,Yes,connector_unavailable,No,No,No,No,0,0,0,0,0,missing_or_unavailable_connector,,,"[""binance connector unavailable; no scan executed""]"
2026-05-11T14:12:11Z,2026-05-11T14:12:11Z,Yes,connector_unavailable,No,No,No,No,0,0,0,0,0,missing_or_unavailable_connector,,,"[""binance connector unavailable; no scan executed""]"
2026-05-11T16:49:12Z,2026-05-11T16:49:12Z,Yes,connector_unavailable,No,No,No,No,0,0,0,0,0,missing_or_unavailable_connector,,,"[""binance connector unavailable; no scan executed""]"
2026-05-11T18:28:24Z,2026-05-11T18:28:24Z,Yes,connector_unavailable,No,No,No,No,0,0,0,0,0,missing_or_unavailable_connector,,,"[""binance connector unavailable; no scan executed""]"
2026-05-11T20:20:23Z,2026-05-11T20:20:23Z,Yes,connector_unavailable,No,No,No,No,0,0,0,0,0,missing_or_unavailable_connector,,,"[""binance connector unavailable; no scan executed""]"
2026-05-11T21:45:01Z,2026-05-11T21:45:01Z,Yes,connector_unavailable,No,No,No,No,0,0,0,0,0,missing_or_unavailable_connector,,,"[""binance connector unavailable; no scan executed""]"
2026-05-11T22:41:05Z,2026-05-11T22:41:05Z,Yes,connector_unavailable,No,No,No,No,0,0,0,0,0,missing_or_unavailable_connector,,,"[""binance connector unavailable; no scan executed""]"
2026-05-11T23:42:25Z,2026-05-11T23:42:25Z,Yes,connector_unavailable,No,No,No,No,0,0,0,0,0,missing_or_unavailable_connector,,,"[""binance connector unavailable; no scan executed""]"
2026-05-12T01:25:51Z,2026-05-12T01:25:51Z,Yes,connector_unavailable,No,No,No,No,0,0,0,0,0,missing_or_unavailable_connector,,,"[""binance connector unavailable; no scan executed""]"
2026-05-12T05:08:10Z,2026-05-12T05:08:10Z,Yes,connector_unavailable,No,No,No,No,0,0,0,0,0,missing_or_unavailable_connector,,,"[""binance connector unavailable; no scan executed""]"
2026-05-12T08:06:03Z,2026-05-12T08:06:03Z,Yes,connector_unavailable,No,No,No,No,0,0,0,0,0,missing_or_unavailable_connector,,,"[""binance connector unavailable; no scan executed""]"
2026-05-12T10:40:20Z,2026-05-12T10:40:20Z,Yes,connector_unavailable,No,No,No,No,0,0,0,0,0,missing_or_unavailable_connector,,,"[""binance connector unavailable; no scan executed""]"
2026-05-12T12:30:31Z,2026-05-12T12:30:31Z,Yes,connector_unavailable,No,No,No,No,0,0,0,0,0,missing_or_unavailable_connector,,,"[""binance connector unavailable; no scan executed""]"
2026-05-12T15:25:33Z,2026-05-12T15:25:33Z,Yes,connector_unavailable,No,No,No,No,0,0,0,0,0,missing_or_unavailable_connector,,,"[""binance connector unavailable; no scan executed""]"
2026-05-12T17:35:53Z,2026-05-12T17:35:53Z,Yes,connector_unavailable,No,No,No,No,0,0,0,0,0,missing_or_unavailable_connector,,,"[""binance connector unavailable; no scan executed""]"
2026-05-12T19:20:32Z,2026-05-12T19:20:32Z,Yes,connector_unavailable,No,No,No,No,0,0,0,0,0,missing_or_unavailable_connector,,,"[""binance connector unavailable; no scan executed""]"
2026-05-12T20:53:29Z,2026-05-12T20:53:29Z,Yes,connector_unavailable,No,No,No,No,0,0,0,0,0,missing_or_unavailable_connector,,,"[""binance connector unavailable; no scan executed""]"
2026-05-12T22:19:14Z,2026-05-12T22:19:14Z,Yes,connector_unavailable,No,No,No,No,0,0,0,0,0,missing_or_unavailable_connector,,,"[""binance connector unavailable; no scan executed""]"
2026-05-12T23:31:44Z,2026-05-12T23:31:44Z,Yes,connector_unavailable,No,No,No,No,0,0,0,0,0,missing_or_unavailable_connector,,,"[""binance connector unavailable; no scan executed""]"
2026-05-13T01:25:20Z,2026-05-13T01:25:20Z,Yes,connector_unavailable,No,No,No,No,0,0,0,0,0,missing_or_unavailable_connector,,,"[""binance connector unavailable; no scan executed""]"
2026-05-13T05:30:23Z,2026-05-13T05:30:23Z,Yes,connector_unavailable,No,No,No,No,0,0,0,0,0,missing_or_unavailable_connector,,,"[""binance connector unavailable; no scan executed""]"
2026-05-13T07:07:56Z,2026-05-13T07:07:56Z,Yes,connector_unavailable,No,No,No,No,0,0,0,0,0,missing_binance_testnet_secret,No,No,"[""binance connector unavailable; no scan executed; BINANCE_TESTNET_KEY_present=False; BINANCE_TESTNET_SECRET_present=False""]"
2026-05-13T07:32:22Z,2026-05-13T07:32:24Z,Yes,valid_no_signal,Yes,Yes,Yes,No,0,0,0,0,0,,Yes,Yes,[]
2026-05-13T08:19:47Z,2026-05-13T08:19:50Z,Yes,valid_no_signal,Yes,Yes,Yes,No,0,0,0,0,0,,Yes,Yes,[]
2026-05-13T10:46:23Z,2026-05-13T10:46:25Z,Yes,valid_no_signal,Yes,Yes,Yes,No,0,0,0,0,0,,Yes,Yes,[]
2026-05-13T12:34:28Z,2026-05-13T12:34:31Z,Yes,valid_no_signal,Yes,Yes,Yes,No,0,0,0,0,0,,Yes,Yes,[]
2026-05-13T15:31:13Z,2026-05-13T15:31:15Z,Yes,valid_no_signal,Yes,Yes,Yes,No,0,0,0,0,0,,Yes,Yes,[]
2026-05-13T17:36:31Z,2026-05-13T17:36:33Z,Yes,valid_no_signal,Yes,Yes,Yes,No,0,0,0,0,0,,Yes,Yes,[]
2026-05-13T19:22:31Z,2026-05-13T19:22:33Z,Yes,valid_no_signal,Yes,Yes,Yes,No,0,0,0,0,0,,Yes,Yes,[]
2026-05-13T21:09:43Z,2026-05-13T21:09:46Z,Yes,valid_no_signal,Yes,Yes,Yes,No,0,0,0,0,0,,Yes,Yes,[]
2026-05-13T22:40:03Z,2026-05-13T22:40:05Z,Yes,valid_no_signal,Yes,Yes,Yes,No,0,0,0,0,0,,Yes,Yes,[]
2026-05-13T23:43:49Z,2026-05-13T23:43:51Z,Yes,valid_no_signal,Yes,Yes,Yes,No,0,0,0,0,0,,Yes,Yes,[]
2026-05-14T01:34:17Z,2026-05-14T01:34:19Z,Yes,valid_no_signal,Yes,Yes,Yes,No,0,0,0,0,0,,Yes,Yes,[]
2026-05-14T05:29:27Z,2026-05-14T05:29:29Z,Yes,valid_no_signal,Yes,Yes,Yes,No,0,0,0,0,0,,Yes,Yes,[]
2026-05-14T08:10:33Z,2026-05-14T08:10:36Z,Yes,valid_no_signal,Yes,Yes,Yes,No,0,0,0,0,0,,Yes,Yes,[]
2026-05-14T10:36:31Z,2026-05-14T10:36:33Z,Yes,valid_no_signal,Yes,Yes,Yes,No,0,0,0,0,0,,Yes,Yes,[]
2026-05-14T12:14:31Z,2026-05-14T12:14:34Z,Yes,valid_no_signal,Yes,Yes,Yes,No,0,0,0,0,0,,Yes,Yes,[]
2026-05-14T14:45:09Z,2026-05-14T14:45:12Z,Yes,valid_no_signal,Yes,Yes,Yes,No,0,0,0,0,0,,Yes,Yes,[]
2026-05-14T16:51:53Z,2026-05-14T16:51:55Z,Yes,valid_no_signal,Yes,Yes,Yes,No,0,0,0,0,0,,Yes,Yes,[]
2026-05-14T18:25:57Z,2026-05-14T18:25:59Z,Yes,valid_no_signal,Yes,Yes,Yes,No,0,0,0,0,0,,Yes,Yes,[]
2026-05-14T20:16:57Z,2026-05-14T20:16:59Z,Yes,valid_no_signal,Yes,Yes,Yes,No,0,0,0,0,0,,Yes,Yes,[]
2026-05-14T21:38:03Z,2026-05-14T21:38:06Z,Yes,valid_no_signal,Yes,Yes,Yes,No,0,0,0,0,0,,Yes,Yes,[]
2026-05-14T22:43:14Z,2026-05-14T22:43:17Z,Yes,valid_no_signal,Yes,Yes,Yes,No,0,0,0,0,0,,Yes,Yes,[]
2026-05-14T23:40:35Z,2026-05-14T23:40:38Z,Yes,valid_no_signal,Yes,Yes,Yes,No,0,0,0,0,0,,Yes,Yes,[]
2026-05-15T01:32:18Z,2026-05-15T01:32:21Z,Yes,valid_no_signal,Yes,Yes,Yes,No,0,0,0,0,0,,Yes,Yes,[]
2026-05-15T05:34:57Z,2026-05-15T05:34:59Z,Yes,valid_no_signal,Yes,Yes,Yes,No,0,0,0,0,0,,Yes,Yes,[]
2026-05-15T08:23:56Z,2026-05-15T08:23:59Z,Yes,valid_no_signal,Yes,Yes,Yes,No,0,0,0,0,0,,Yes,Yes,[]
2026-05-15T11:00:31Z,2026-05-15T11:00:33Z,Yes,valid_no_signal,Yes,Yes,Yes,No,0,0,0,0,0,,Yes,Yes,[]
2026-05-15T13:00:21Z,2026-05-15T13:00:24Z,Yes,valid_no_signal,Yes,Yes,Yes,No,0,0,0,0,0,,Yes,Yes,[]
2026-05-15T15:23:05Z,2026-05-15T15:23:07Z,Yes,valid_no_signal,Yes,Yes,Yes,No,0,0,0,0,0,,Yes,Yes,[]
2026-05-15T17:11:51Z,2026-05-15T17:11:53Z,Yes,valid_no_signal,Yes,Yes,Yes,No,0,0,0,0,0,,Yes,Yes,[]
2026-05-15T18:57:17Z,2026-05-15T18:57:19Z,Yes,valid_no_signal,Yes,Yes,Yes,No,0,0,0,0,0,,Yes,Yes,[]
2026-05-15T20:20:07Z,2026-05-15T20:20:09Z,Yes,valid_no_signal,Yes,Yes,Yes,No,0,0,0,0,0,,Yes,Yes,[]
2026-05-15T21:30:28Z,2026-05-15T21:30:30Z,Yes,valid_no_signal,Yes,Yes,Yes,No,0,0,0,0,0,,Yes,Yes,[]
2026-05-15T22:31:55Z,2026-05-15T22:31:57Z,Yes,valid_no_signal,Yes,Yes,Yes,No,0,0,0,0,0,,Yes,Yes,[]
2026-05-15T23:30:43Z,2026-05-15T23:30:45Z,Yes,valid_no_signal,Yes,Yes,Yes,No,0,0,0,0,0,,Yes,Yes,[]
2026-05-16T01:18:13Z,2026-05-16T01:18:16Z,Yes,valid_no_signal,Yes,Yes,Yes,No,0,0,0,0,0,,Yes,Yes,[]
2026-05-16T04:41:24Z,2026-05-16T04:41:27Z,Yes,valid_no_signal,Yes,Yes,Yes,No,0,0,0,0,0,,Yes,Yes,[]
2026-05-16T07:07:41Z,2026-05-16T07:07:43Z,Yes,valid_no_signal,Yes,Yes,Yes,No,0,0,0,0,0,,Yes,Yes,[]
2026-05-16T09:03:16Z,2026-05-16T09:03:18Z,Yes,valid_no_signal,Yes,Yes,Yes,No,0,0,0,0,0,,Yes,Yes,[]
2026-05-16T10:23:41Z,2026-05-16T10:23:44Z,Yes,valid_no_signal,Yes,Yes,Yes,No,0,0,0,0,0,,Yes,Yes,[]
2026-05-16T11:32:31Z,2026-05-16T11:32:34Z,Yes,valid_no_signal,Yes,Yes,Yes,No,0,0,0,0,0,,Yes,Yes,[]
2026-05-16T12:41:02Z,2026-05-16T12:41:05Z,Yes,valid_no_signal,Yes,Yes,Yes,No,0,0,0,0,0,,Yes,Yes,[]
2026-05-16T14:11:41Z,2026-05-16T14:11:43Z,Yes,valid_no_signal,Yes,Yes,Yes,No,0,0,0,0,0,,Yes,Yes,[]
2026-05-16T15:18:26Z,2026-05-16T15:18:28Z,Yes,valid_no_signal,Yes,Yes,Yes,No,0,0,0,0,0,,Yes,Yes,[]
2026-05-16T16:12:53Z,2026-05-16T16:12:55Z,Yes,valid_no_signal,Yes,Yes,Yes,No,0,0,0,0,0,,Yes,Yes,[]
2026-05-16T17:17:12Z,2026-05-16T17:17:14Z,Yes,valid_no_signal,Yes,Yes,Yes,No,0,0,0,0,0,,Yes,Yes,[]
2026-05-16T18:08:09Z,2026-05-16T18:08:12Z,Yes,valid_no_signal,Yes,Yes,Yes,No,0,0,0,0,0,,Yes,Yes,[]
2026-05-16T19:35:27Z,2026-05-16T19:35:29Z,Yes,valid_no_signal,Yes,Yes,Yes,No,0,0,0,0,0,,Yes,Yes,[]
2026-05-16T20:24:23Z,2026-05-16T20:24:27Z,Yes,valid_no_signal,Yes,Yes,Yes,No,0,0,0,0,0,,Yes,Yes,[]
2026-05-16T21:27:25Z,2026-05-16T21:27:27Z,Yes,valid_no_signal,Yes,Yes,Yes,No,0,0,0,0,0,,Yes,Yes,[]
2026-05-16T22:25:14Z,2026-05-16T22:25:17Z,Yes,valid_no_signal,Yes,Yes,Yes,No,0,0,0,0,0,,Yes,Yes,[]
2026-05-16T23:31:10Z,2026-05-16T23:31:12Z,Yes,valid_no_signal,Yes,Yes,Yes,No,0,0,0,0,0,,Yes,Yes,[]
2026-05-17T01:25:46Z,2026-05-17T01:25:48Z,Yes,valid_no_signal,Yes,Yes,Yes,No,0,0,0,0,0,,Yes,Yes,[]
2026-05-17T05:30:31Z,2026-05-17T05:30:34Z,Yes,valid_no_signal,Yes,Yes,Yes,No,0,0,0,0,0,,Yes,Yes,[]
2026-05-17T07:57:16Z,2026-05-17T07:57:18Z,Yes,valid_no_signal,Yes,Yes,Yes,No,0,0,0,0,0,,Yes,Yes,[]
2026-05-17T09:55:45Z,2026-05-17T09:55:48Z,Yes,valid_no_signal,Yes,Yes,Yes,No,0,0,0,0,0,,Yes,Yes,[]
2026-05-17T11:18:04Z,2026-05-17T11:18:06Z,Yes,valid_no_signal,Yes,Yes,Yes,No,0,0,0,0,0,,Yes,Yes,[]
2026-05-17T12:07:48Z,2026-05-17T12:07:51Z,Yes,valid_no_signal,Yes,Yes,Yes,No,0,0,0,0,0,,Yes,Yes,[]
2026-05-17T13:59:45Z,2026-05-17T13:59:48Z,Yes,valid_no_signal,Yes,Yes,Yes,No,0,0,0,0,0,,Yes,Yes,[]
2026-05-17T15:05:46Z,2026-05-17T15:05:48Z,Yes,valid_no_signal,Yes,Yes,Yes,No,0,0,0,0,0,,Yes,Yes,[]
2026-05-17T16:06:51Z,2026-05-17T16:06:53Z,Yes,valid_no_signal,Yes,Yes,Yes,No,0,0,0,0,0,,Yes,Yes,[]
2026-05-17T17:10:43Z,2026-05-17T17:10:45Z,Yes,valid_no_signal,Yes,Yes,Yes,No,0,0,0,0,0,,Yes,Yes,[]
2026-05-17T18:12:09Z,2026-05-17T18:12:11Z,Yes,valid_no_signal,Yes,Yes,Yes,No,0,0,0,0,0,,Yes,Yes,[]
2026-05-17T19:39:05Z,2026-05-17T19:39:07Z,Yes,valid_no_signal,Yes,Yes,Yes,No,0,0,0,0,0,,Yes,Yes,[]
2026-05-17T20:34:38Z,2026-05-17T20:34:40Z,Yes,valid_no_signal,Yes,Yes,Yes,No,0,0,0,0,0,,Yes,Yes,[]
2026-05-17T21:30:37Z,2026-05-17T21:30:39Z,Yes,valid_no_signal,Yes,Yes,Yes,No,0,0,0,0,0,,Yes,Yes,[]
2026-05-17T22:28:27Z,2026-05-17T22:28:30Z,Yes,valid_no_signal,Yes,Yes,Yes,No,0,0,0,0,0,,Yes,Yes,[]
2026-05-17T23:32:45Z,2026-05-17T23:32:48Z,Yes,valid_no_signal,Yes,Yes,Yes,No,0,0,0,0,0,,Yes,Yes,[]
2026-05-18T01:30:09Z,2026-05-18T01:30:11Z,Yes,valid_no_signal,Yes,Yes,Yes,No,0,0,0,0,0,,Yes,Yes,[]
2026-05-18T05:49:40Z,2026-05-18T05:49:43Z,Yes,valid_no_signal,Yes,Yes,Yes,No,0,0,0,0,0,,Yes,Yes,[]
2026-05-18T09:01:05Z,2026-05-18T09:01:07Z,Yes,valid_no_signal,Yes,Yes,Yes,No,0,0,0,0,0,,Yes,Yes,[]
2026-05-18T12:42:16Z,2026-05-18T12:42:19Z,Yes,valid_no_signal,Yes,Yes,Yes,No,0,0,0,0,0,,Yes,Yes,[]
2026-05-18T16:14:53Z,2026-05-18T16:14:56Z,Yes,valid_no_signal,Yes,Yes,Yes,No,0,0,0,0,0,,Yes,Yes,[]
2026-05-18T18:13:11Z,2026-05-18T18:13:14Z,Yes,valid_no_signal,Yes,Yes,Yes,No,0,0,0,0,0,,Yes,Yes,[]
2026-05-18T20:03:41Z,2026-05-18T20:03:43Z,Yes,valid_no_signal,Yes,Yes,Yes,No,0,0,0,0,0,,Yes,Yes,[]
2026-05-18T21:21:14Z,2026-05-18T21:21:17Z,Yes,valid_no_signal,Yes,Yes,Yes,No,0,0,0,0,0,,Yes,Yes,[]
2026-05-18T22:16:44Z,2026-05-18T22:16:46Z,Yes,valid_no_signal,Yes,Yes,Yes,No,0,0,0,0,0,,Yes,Yes,[]
2026-05-18T23:31:50Z,2026-05-18T23:31:52Z,Yes,valid_no_signal,Yes,Yes,Yes,No,0,0,0,0,0,,Yes,Yes,[]
2026-05-19T01:31:58Z,2026-05-19T01:32:01Z,Yes,valid_no_signal,Yes,Yes,Yes,No,0,0,0,0,0,,Yes,Yes,[]
2026-05-19T05:44:23Z,2026-05-19T05:44:25Z,Yes,valid_no_signal,Yes,Yes,Yes,No,0,0,0,0,0,,Yes,Yes,[]
2026-05-19T08:49:02Z,2026-05-19T08:49:05Z,Yes,valid_no_signal,Yes,Yes,Yes,No,0,0,0,0,0,,Yes,Yes,[]
2026-05-19T11:47:13Z,2026-05-19T11:47:16Z,Yes,valid_no_signal,Yes,Yes,Yes,No,0,0,0,0,0,,Yes,Yes,[]
2026-05-19T14:18:17Z,2026-05-19T14:18:20Z,Yes,valid_no_signal,Yes,Yes,Yes,No,0,0,0,0,0,,Yes,Yes,[]
2026-05-19T17:17:52Z,2026-05-19T17:17:55Z,Yes,valid_no_signal,Yes,Yes,Yes,No,0,0,0,0,0,,Yes,Yes,[]
2026-05-19T19:19:41Z,2026-05-19T19:19:44Z,Yes,valid_no_signal,Yes,Yes,Yes,No,0,0,0,0,0,,Yes,Yes,[]
2026-05-19T20:53:44Z,2026-05-19T20:53:47Z,Yes,valid_no_signal,Yes,Yes,Yes,No,0,0,0,0,0,,Yes,Yes,[]
2026-05-19T22:21:25Z,2026-05-19T22:21:28Z,Yes,valid_no_signal,Yes,Yes,Yes,No,0,0,0,0,0,,Yes,Yes,[]
2026-05-19T23:35:28Z,2026-05-19T23:35:30Z,Yes,valid_no_signal,Yes,Yes,Yes,No,0,0,0,0,0,,Yes,Yes,[]
2026-05-20T01:33:04Z,2026-05-20T01:33:10Z,Yes,valid_no_signal,Yes,Yes,Yes,No,0,0,0,0,0,,Yes,Yes,[]
2026-05-20T05:47:07Z,2026-05-20T05:47:09Z,Yes,valid_no_signal,Yes,Yes,Yes,No,0,0,0,0,0,,Yes,Yes,[]
2026-05-20T08:44:47Z,2026-05-20T08:44:49Z,Yes,valid_no_signal,Yes,Yes,Yes,No,0,0,0,0,0,,Yes,Yes,[]
2026-05-20T11:36:15Z,2026-05-20T11:36:17Z,Yes,valid_no_signal,Yes,Yes,Yes,No,0,0,0,0,0,,Yes,Yes,[]
2026-05-20T14:10:41Z,2026-05-20T14:10:43Z,Yes,valid_no_signal,Yes,Yes,Yes,No,0,0,0,0,0,,Yes,Yes,[]
2026-05-20T17:33:31Z,2026-05-20T17:33:33Z,Yes,valid_no_signal,Yes,Yes,Yes,No,0,0,0,0,0,,Yes,Yes,[]
2026-05-20T19:41:42Z,2026-05-20T19:41:44Z,Yes,valid_no_signal,Yes,Yes,Yes,No,0,0,0,0,0,,Yes,Yes,[]
2026-05-20T21:26:04Z,2026-05-20T21:26:06Z,Yes,valid_no_signal,Yes,Yes,Yes,No,0,0,0,0,0,,Yes,Yes,[]
2026-05-20T22:54:48Z,2026-05-20T22:54:50Z,Yes,valid_no_signal,Yes,Yes,Yes,No,0,0,0,0,0,,Yes,Yes,[]
2026-05-21T00:14:20Z,2026-05-21T00:14:22Z,Yes,valid_no_signal,Yes,Yes,Yes,No,0,0,0,0,0,,Yes,Yes,[]
2026-05-21T04:47:07Z,2026-05-21T04:47:10Z,Yes,valid_no_signal,Yes,Yes,Yes,No,0,0,0,0,0,,Yes,Yes,[]
2026-05-21T08:23:12Z,2026-05-21T08:23:14Z,Yes,valid_no_signal,Yes,Yes,Yes,No,0,0,0,0,0,,Yes,Yes,[]
2026-05-21T11:49:37Z,2026-05-21T11:49:40Z,Yes,valid_no_signal,Yes,Yes,Yes,No,0,0,0,0,0,,Yes,Yes,[]
2026-05-21T14:28:59Z,2026-05-21T14:29:01Z,Yes,valid_no_signal,Yes,Yes,Yes,No,0,0,0,0,0,,Yes,Yes,[]
2026-05-21T17:17:07Z,2026-05-21T17:17:10Z,Yes,valid_no_signal,Yes,Yes,Yes,No,0,0,0,0,0,,Yes,Yes,[]
2026-05-21T19:19:21Z,2026-05-21T19:19:24Z,Yes,valid_no_signal,Yes,Yes,Yes,No,0,0,0,0,0,,Yes,Yes,[]
2026-05-21T20:59:28Z,2026-05-21T20:59:30Z,Yes,valid_no_signal,Yes,Yes,Yes,No,0,0,0,0,0,,Yes,Yes,[]
2026-05-21T22:24:57Z,2026-05-21T22:25:00Z,Yes,valid_no_signal,Yes,Yes,Yes,No,0,0,0,0,0,,Yes,Yes,[]
2026-05-21T23:36:34Z,2026-05-21T23:36:36Z,Yes,valid_no_signal,Yes,Yes,Yes,No,0,0,0,0,0,,Yes,Yes,[]
2026-05-22T01:32:44Z,2026-05-22T01:32:46Z,Yes,valid_no_signal,Yes,Yes,Yes,No,0,0,0,0,0,,Yes,Yes,[]
2026-05-22T05:44:15Z,2026-05-22T05:44:18Z,Yes,valid_no_signal,Yes,Yes,Yes,No,0,0,0,0,0,,Yes,Yes,[]
2026-05-22T08:40:54Z,2026-05-22T08:40:56Z,Yes,valid_no_signal,Yes,Yes,Yes,No,0,0,0,0,0,,Yes,Yes,[]
2026-05-22T11:33:50Z,2026-05-22T11:33:53Z,Yes,valid_no_signal,Yes,Yes,Yes,No,0,0,0,0,0,,Yes,Yes,[]
2026-05-22T13:57:03Z,2026-05-22T13:57:06Z,Yes,valid_no_signal,Yes,Yes,Yes,No,0,0,0,0,0,,Yes,Yes,[]
2026-05-22T16:32:03Z,2026-05-22T16:32:06Z,Yes,valid_no_signal,Yes,Yes,Yes,No,0,0,0,0,0,,Yes,Yes,[]
2026-05-22T18:18:11Z,2026-05-22T18:18:13Z,Yes,valid_no_signal,Yes,Yes,Yes,No,0,0,0,0,0,,Yes,Yes,[]
2026-05-22T20:13:40Z,2026-05-22T20:13:42Z,Yes,valid_no_signal,Yes,Yes,Yes,No,0,0,0,0,0,,Yes,Yes,[]
2026-05-22T21:37:24Z,2026-05-22T21:37:26Z,Yes,valid_no_signal,Yes,Yes,Yes,No,0,0,0,0,0,,Yes,Yes,[]
2026-05-22T22:37:39Z,2026-05-22T22:37:42Z,Yes,valid_no_signal,Yes,Yes,Yes,No,0,0,0,0,0,,Yes,Yes,[]
2026-05-22T23:49:28Z,2026-05-22T23:49:30Z,Yes,valid_no_signal,Yes,Yes,Yes,No,0,0,0,0,0,,Yes,Yes,[]
2026-05-23T01:30:04Z,2026-05-23T01:30:07Z,Yes,valid_no_signal,Yes,Yes,Yes,No,0,0,0,0,0,,Yes,Yes,[]
2026-05-23T05:09:30Z,2026-05-23T05:09:32Z,Yes,valid_no_signal,Yes,Yes,Yes,No,0,0,0,0,0,,Yes,Yes,[]
2026-05-23T07:44:41Z,2026-05-23T07:44:44Z,Yes,valid_no_signal,Yes,Yes,Yes,No,0,0,0,0,0,,Yes,Yes,[]
2026-05-23T09:27:52Z,2026-05-23T09:27:55Z,Yes,valid_no_signal,Yes,Yes,Yes,No,0,0,0,0,0,,Yes,Yes,[]
2026-05-23T10:55:44Z,2026-05-23T10:55:46Z,Yes,valid_no_signal,Yes,Yes,Yes,No,0,0,0,0,0,,Yes,Yes,[]
2026-05-23T12:03:47Z,2026-05-23T12:03:50Z,Yes,valid_no_signal,Yes,Yes,Yes,No,0,0,0,0,0,,Yes,Yes,[]
2026-05-23T13:58:20Z,2026-05-23T13:58:22Z,Yes,valid_no_signal,Yes,Yes,Yes,No,0,0,0,0,0,,Yes,Yes,[]
2026-05-23T15:10:08Z,2026-05-23T15:10:10Z,Yes,valid_no_signal,Yes,Yes,Yes,No,0,0,0,0,0,,Yes,Yes,[]
2026-05-23T17:19:25Z,2026-05-23T17:19:28Z,Yes,valid_no_signal,Yes,Yes,Yes,No,0,0,0,0,0,,Yes,Yes,[]
2026-05-23T18:13:23Z,2026-05-23T18:13:24Z,Yes,valid_no_signal,Yes,Yes,Yes,No,0,0,0,0,0,,Yes,Yes,[]
2026-05-23T19:39:31Z,2026-05-23T19:39:34Z,Yes,valid_no_signal,Yes,Yes,Yes,No,0,0,0,0,0,,Yes,Yes,[]
2026-05-23T20:33:39Z,2026-05-23T20:33:41Z,Yes,valid_no_signal,Yes,Yes,Yes,No,0,0,0,0,0,,Yes,Yes,[]
2026-05-23T21:29:51Z,2026-05-23T21:29:53Z,Yes,valid_no_signal,Yes,Yes,Yes,No,0,0,0,0,0,,Yes,Yes,[]
2026-05-23T22:27:49Z,2026-05-23T22:27:51Z,Yes,valid_no_signal,Yes,Yes,Yes,No,0,0,0,0,0,,Yes,Yes,[]
2026-05-23T23:32:31Z,2026-05-23T23:32:33Z,Yes,valid_no_signal,Yes,Yes,Yes,No,0,0,0,0,0,,Yes,Yes,[]
2026-05-24T01:31:17Z,2026-05-24T01:31:19Z,Yes,valid_no_signal,Yes,Yes,Yes,No,0,0,0,0,0,,Yes,Yes,[]
2026-05-24T05:41:11Z,2026-05-24T05:41:13Z,Yes,valid_no_signal,Yes,Yes,Yes,No,0,0,0,0,0,,Yes,Yes,[]
2026-05-24T08:08:46Z,2026-05-24T08:08:49Z,Yes,valid_no_signal,Yes,Yes,Yes,No,0,0,0,0,0,,Yes,Yes,[]
2026-05-24T10:13:01Z,2026-05-24T10:13:03Z,Yes,valid_no_signal,Yes,Yes,Yes,No,0,0,0,0,0,,Yes,Yes,[]
2026-05-24T11:44:09Z,2026-05-24T11:44:12Z,Yes,valid_no_signal,Yes,Yes,Yes,No,0,0,0,0,0,,Yes,Yes,[]
2026-05-24T12:48:00Z,2026-05-24T12:48:02Z,Yes,valid_no_signal,Yes,Yes,Yes,No,0,0,0,0,0,,Yes,Yes,[]
2026-05-24T14:14:11Z,2026-05-24T14:14:13Z,Yes,valid_no_signal,Yes,Yes,Yes,No,0,0,0,0,0,,Yes,Yes,[]
2026-05-24T15:36:09Z,2026-05-24T15:36:11Z,Yes,valid_no_signal,Yes,Yes,Yes,No,0,0,0,0,0,,Yes,Yes,[]
2026-05-24T16:38:06Z,2026-05-24T16:38:09Z,Yes,valid_no_signal,Yes,Yes,Yes,No,0,0,0,0,0,,Yes,Yes,[]
2026-05-24T17:44:00Z,2026-05-24T17:44:03Z,Yes,valid_no_signal,Yes,Yes,Yes,No,0,0,0,0,0,,Yes,Yes,[]
2026-05-24T18:50:17Z,2026-05-24T18:50:19Z,Yes,valid_no_signal,Yes,Yes,Yes,No,0,0,0,0,0,,Yes,Yes,[]
2026-05-24T19:55:20Z,2026-05-24T19:55:22Z,Yes,valid_no_signal,Yes,Yes,Yes,No,0,0,0,0,0,,Yes,Yes,[]
2026-05-24T21:05:57Z,2026-05-24T21:05:59Z,Yes,valid_no_signal,Yes,Yes,Yes,No,0,0,0,0,0,,Yes,Yes,[]
2026-05-24T22:06:10Z,2026-05-24T22:06:12Z,Yes,valid_no_signal,Yes,Yes,Yes,No,0,0,0,0,0,,Yes,Yes,[]
2026-05-24T23:09:35Z,2026-05-24T23:09:38Z,Yes,valid_no_signal,Yes,Yes,Yes,No,0,0,0,0,0,,Yes,Yes,[]
2026-05-25T00:15:05Z,2026-05-25T00:15:08Z,Yes,valid_no_signal,Yes,Yes,Yes,No,0,0,0,0,0,,Yes,Yes,[]
2026-05-25T04:54:24Z,2026-05-25T04:54:26Z,Yes,valid_no_signal,Yes,Yes,Yes,No,0,0,0,0,0,,Yes,Yes,[]
2026-05-25T12:39:50Z,2026-05-25T12:39:53Z,Yes,valid_no_signal,Yes,Yes,Yes,No,0,0,0,0,0,,Yes,Yes,[]
2026-05-25T15:43:06Z,2026-05-25T15:43:08Z,Yes,valid_no_signal,Yes,Yes,Yes,No,0,0,0,0,0,,Yes,Yes,[]
2026-05-25T17:24:42Z,2026-05-25T17:24:44Z,Yes,valid_no_signal,Yes,Yes,Yes,No,0,0,0,0,0,,Yes,Yes,[]
2026-05-25T19:06:18Z,2026-05-25T19:06:21Z,Yes,valid_no_signal,Yes,Yes,Yes,No,0,0,0,0,0,,Yes,Yes,[]
2026-05-25T20:40:14Z,2026-05-25T20:40:17Z,Yes,valid_no_signal,Yes,Yes,Yes,No,0,0,0,0,0,,Yes,Yes,[]
2026-05-25T21:54:58Z,2026-05-25T21:55:01Z,Yes,valid_no_signal,Yes,Yes,Yes,No,0,0,0,0,0,,Yes,Yes,[]
2026-05-25T23:15:25Z,2026-05-25T23:15:29Z,Yes,valid_no_signal,Yes,Yes,Yes,No,0,0,0,0,0,,Yes,Yes,[]
2026-05-26T00:16:44Z,2026-05-26T00:16:46Z,Yes,valid_no_signal,Yes,Yes,Yes,No,0,0,0,0,0,,Yes,Yes,[]
2026-05-26T04:36:43Z,2026-05-26T04:36:46Z,Yes,valid_no_signal,Yes,Yes,Yes,No,0,0,0,0,0,,Yes,Yes,[]
2026-05-26T08:07:44Z,2026-05-26T08:07:46Z,Yes,valid_no_signal,Yes,Yes,Yes,No,0,0,0,0,0,,Yes,Yes,[]
2026-05-26T14:20:24Z,2026-05-26T14:20:26Z,Yes,valid_no_signal,Yes,Yes,Yes,No,0,0,0,0,0,,Yes,Yes,[]
2026-05-26T17:38:02Z,2026-05-26T17:38:04Z,Yes,valid_no_signal,Yes,Yes,Yes,No,0,0,0,0,0,,Yes,Yes,[]
2026-05-26T19:47:14Z,2026-05-26T19:47:17Z,Yes,valid_no_signal,Yes,Yes,Yes,No,0,0,0,0,0,,Yes,Yes,[]
2026-05-26T21:21:08Z,2026-05-26T21:21:10Z,Yes,valid_no_signal,Yes,Yes,Yes,No,0,0,0,0,0,,Yes,Yes,[]
2026-05-26T22:42:59Z,2026-05-26T22:43:02Z,Yes,valid_no_signal,Yes,Yes,Yes,No,0,0,0,0,0,,Yes,Yes,[]
2026-05-26T23:51:06Z,2026-05-26T23:51:08Z,Yes,valid_no_signal,Yes,Yes,Yes,No,0,0,0,0,0,,Yes,Yes,[]
2026-05-27T01:54:55Z,2026-05-27T01:54:57Z,Yes,valid_no_signal,Yes,Yes,Yes,No,0,0,0,0,0,,Yes,Yes,[]
2026-05-27T06:37:36Z,2026-05-27T06:37:38Z,Yes,valid_no_signal,Yes,Yes,Yes,No,0,0,0,0,0,,Yes,Yes,[]
2026-05-27T10:43:05Z,2026-05-27T10:43:07Z,Yes,valid_no_signal,Yes,Yes,Yes,No,0,0,0,0,0,,Yes,Yes,[]
2026-05-27T14:05:26Z,2026-05-27T14:05:29Z,Yes,valid_no_signal,Yes,Yes,Yes,No,0,0,0,0,0,,Yes,Yes,[]
